sample_id,source_form,anomaly_type,resnet_feature_distance,resnet_cosine_similarity
synthetic_form_00001,m04-222,thinning,6.3468918800354,0.8371501564979553
synthetic_form_00002,b05-098,thickening,7.098024845123291,0.8234208822250366
synthetic_form_00003,g06-042d,thinning,6.183236598968506,0.8681601285934448
synthetic_form_00004,h07-054a,thinning,5.064421653747559,0.9048990607261658
synthetic_form_00005,d01-024,thickening,6.449306011199951,0.8194619417190552
synthetic_form_00006,p02-081,thinning,5.554081439971924,0.8753977417945862
synthetic_form_00007,f07-028b,thickening,6.439622402191162,0.8363797664642334
synthetic_form_00008,f07-084a,dropout,5.714934825897217,0.8608186841011047
synthetic_form_00009,k02-023,blur,6.887703895568848,0.8226804733276367
synthetic_form_00010,m04-030,thinning,6.081574440002441,0.8780605792999268
synthetic_form_00011,a02-116,thickening,6.347508430480957,0.8350754380226135
synthetic_form_00012,b01-027,blur,5.143316745758057,0.8874485492706299
synthetic_form_00013,c03-000a,blur,6.084059715270996,0.8430711627006531
synthetic_form_00014,p02-131,thinning,4.779847621917725,0.9134485721588135
synthetic_form_00015,c03-000b,thinning,6.092270374298096,0.8731720447540283
synthetic_form_00016,a03-066,blur,4.364200115203857,0.9206967353820801
synthetic_form_00017,g06-026l,blur,6.079416275024414,0.8599866628646851
synthetic_form_00018,c06-058,dropout,5.516226291656494,0.9006079435348511
synthetic_form_00019,b06-023,blur,5.777143478393555,0.8747362494468689
synthetic_form_00020,r06-070,blur,6.6787543296813965,0.8413391709327698
synthetic_form_00021,d01-016,thickening,7.5816216468811035,0.8151385188102722
synthetic_form_00022,b01-136,dropout,6.8613152503967285,0.8362555503845215
synthetic_form_00023,l07-085,dropout,4.4797892570495605,0.9283467531204224
synthetic_form_00024,j06-014,thickening,5.632845401763916,0.8690464496612549
synthetic_form_00025,k02-029,thickening,4.962396144866943,0.9044350385665894
synthetic_form_00026,g06-045m,blur,5.974258899688721,0.8784101009368896
synthetic_form_00027,h07-030a,blur,5.387784481048584,0.8818781971931458
synthetic_form_00028,m04-216,thinning,5.866537094116211,0.8786253929138184
synthetic_form_00029,c02-078,thickening,5.053635597229004,0.9184516072273254
synthetic_form_00030,f04-057,blur,5.969692230224609,0.8736051917076111
synthetic_form_00031,f01-085,thickening,6.529303073883057,0.8534071445465088
synthetic_form_00032,r02-137,thinning,5.654662132263184,0.8910940289497375
synthetic_form_00033,n02-120,blur,6.200752258300781,0.8657097816467285
synthetic_form_00034,j06-000,thinning,4.676338195800781,0.904815137386322
synthetic_form_00035,g06-026h,dropout,4.525662422180176,0.9201974868774414
synthetic_form_00036,j01-066,thinning,6.369655609130859,0.8537353277206421
synthetic_form_00037,f07-036,thinning,6.1969170570373535,0.8524819016456604
synthetic_form_00038,a01-020,thinning,6.276266098022461,0.8460960984230042
synthetic_form_00039,a01-132u,thinning,4.367439270019531,0.9325896501541138
synthetic_form_00040,n04-009,thinning,5.860501289367676,0.858417272567749
synthetic_form_00041,d06-003,thinning,6.110196590423584,0.8783460855484009
synthetic_form_00042,a06-152,dropout,6.857602596282959,0.8368607759475708
synthetic_form_00043,g07-044,thickening,6.994797706604004,0.8172416687011719
synthetic_form_00044,r02-078,thinning,6.003732681274414,0.8723553419113159
synthetic_form_00045,c03-096c,dropout,5.2412567138671875,0.8868411183357239
synthetic_form_00046,c03-087a,thickening,5.960259914398193,0.8569580316543579
synthetic_form_00047,k04-054,thickening,6.029226779937744,0.8575198650360107
synthetic_form_00048,d04-101,dropout,4.8455023765563965,0.9090695977210999
synthetic_form_00049,c06-080,dropout,5.6354498863220215,0.8870335817337036
synthetic_form_00050,a01-003x,blur,5.118163585662842,0.9022627472877502
synthetic_form_00051,g06-042f,thinning,5.1499924659729,0.8975197076797485
synthetic_form_00052,e07-007,thickening,4.575716018676758,0.9245981574058533
synthetic_form_00053,f02-040,dropout,6.840048789978027,0.796731173992157
synthetic_form_00054,h07-037a,thickening,4.707248687744141,0.9180290102958679
synthetic_form_00055,a05-094(1),thickening,4.0163702964782715,0.9436514377593994
synthetic_form_00056,d04-086,thinning,5.351424217224121,0.886528491973877
synthetic_form_00057,m02-095,blur,4.583252429962158,0.9148415327072144
synthetic_form_00058,e01-025,thinning,7.920389652252197,0.7631648182868958
synthetic_form_00059,g06-026a,dropout,5.451758861541748,0.8709414005279541
synthetic_form_00060,f03-182,thickening,4.726009368896484,0.9072950482368469
synthetic_form_00061,k02-053,thinning,5.67394495010376,0.8808022737503052
synthetic_form_00062,a04-089,blur,5.717513561248779,0.864342212677002
synthetic_form_00063,c02-022,blur,4.907555103302002,0.9114413261413574
synthetic_form_00064,m01-131,thickening,7.585052013397217,0.8147820234298706
synthetic_form_00065,k04-093,thinning,6.329068660736084,0.8422009944915771
synthetic_form_00066,b03-109,thinning,6.302367687225342,0.8481574058532715
synthetic_form_00067,e04-079,thinning,8.022481918334961,0.7982490062713623
synthetic_form_00068,h07-057a,thickening,5.259640216827393,0.8945727944374084
synthetic_form_00069,g06-042g,blur,6.254207611083984,0.8468433618545532
synthetic_form_00070,b04-195,dropout,7.103267192840576,0.834828794002533
synthetic_form_00071,k04-061,thickening,6.5893988609313965,0.8297901749610901
synthetic_form_00072,a05-044,blur,3.4282007217407227,0.9512039422988892
synthetic_form_00073,l04-034,thinning,4.7153215408325195,0.9290028810501099
synthetic_form_00074,f01-139,blur,7.161161422729492,0.816511869430542
synthetic_form_00075,c06-031,blur,6.557398796081543,0.8647451996803284
synthetic_form_00076,k04-156,thinning,6.853707790374756,0.8264130353927612
synthetic_form_00077,c02-089,thinning,5.036354064941406,0.8959085941314697
synthetic_form_00078,g06-031r,blur,4.529110431671143,0.9194038510322571
synthetic_form_00079,c02-035,dropout,7.096123218536377,0.8085618019104004
synthetic_form_00080,d01-060,blur,5.6182942390441895,0.8798906207084656
synthetic_form_00081,f01-066,thinning,7.522587299346924,0.8164928555488586
synthetic_form_00082,n02-120,blur,6.198260307312012,0.8664465546607971
synthetic_form_00083,a04-096,dropout,6.464992523193359,0.8075792789459229
synthetic_form_00084,n04-171,thickening,6.010315418243408,0.8719453811645508
synthetic_form_00085,c03-081c,dropout,5.860166072845459,0.8772768378257751
synthetic_form_00086,f07-088b,dropout,6.980195999145508,0.8561299443244934
synthetic_form_00087,m01-060,thinning,5.217555522918701,0.907616913318634
synthetic_form_00088,a02-102,thinning,5.746894836425781,0.8831556439399719
synthetic_form_00089,g06-045f,blur,5.389636516571045,0.8910725712776184
synthetic_form_00090,n03-064,blur,5.217566013336182,0.901804506778717
synthetic_form_00091,n03-106,blur,5.354172229766846,0.9073512554168701
synthetic_form_00092,k04-093,dropout,6.3612823486328125,0.8408613204956055
synthetic_form_00093,n04-139,blur,6.065476417541504,0.8709862232208252
synthetic_form_00094,g06-031e,blur,5.449999809265137,0.8827487826347351
synthetic_form_00095,e04-124,blur,6.435682773590088,0.8605548739433289
synthetic_form_00096,g07-030,dropout,4.923944473266602,0.8960578441619873
synthetic_form_00097,r03-056,blur,6.050965309143066,0.8563406467437744
synthetic_form_00098,j01-045,blur,4.802750110626221,0.9143704175949097
synthetic_form_00099,a06-114,blur,4.099480152130127,0.9267431497573853
synthetic_form_00100,d01-118,thickening,6.8144683837890625,0.8318339586257935
synthetic_form_00101,h01-027,dropout,6.991809368133545,0.8266283869743347
synthetic_form_00102,g06-037e,dropout,5.480367660522461,0.8619153499603271
synthetic_form_00103,g06-026i,thickening,5.399997711181641,0.8928577303886414
synthetic_form_00104,c06-138,dropout,7.869173049926758,0.8112280368804932
synthetic_form_00105,a03-023,dropout,5.5603861808776855,0.8964213728904724
synthetic_form_00106,b05-042,blur,7.144020080566406,0.8171259164810181
synthetic_form_00107,g06-047l,dropout,5.026416778564453,0.8943872451782227
synthetic_form_00108,k04-022,dropout,5.409839630126953,0.8933401107788086
synthetic_form_00109,d07-102,dropout,4.601077079772949,0.919158935546875
synthetic_form_00110,m04-007,thickening,6.992400646209717,0.8380266427993774
synthetic_form_00111,e04-114,blur,6.113895416259766,0.8563888072967529
synthetic_form_00112,k02-097,thinning,5.571591377258301,0.8705054521560669
synthetic_form_00113,p01-174,thickening,5.203333854675293,0.9136531352996826
synthetic_form_00114,g06-031h,dropout,5.1864237785339355,0.8993432521820068
synthetic_form_00115,a04-031,dropout,5.5702619552612305,0.8721948862075806
synthetic_form_00116,l04-066,dropout,5.099173545837402,0.9001662731170654
synthetic_form_00117,h02-008,dropout,5.057780742645264,0.8975647687911987
synthetic_form_00118,g06-037o,thinning,5.691004276275635,0.8953037858009338
synthetic_form_00119,d01-016,thickening,7.614598274230957,0.8129742741584778
synthetic_form_00120,f07-028a,dropout,4.363575458526611,0.9292645454406738
synthetic_form_00121,b04-154,dropout,6.172220706939697,0.8730248212814331
synthetic_form_00122,l04-159,thickening,5.291692733764648,0.8940964341163635
synthetic_form_00123,g06-042r,thinning,4.2074666023254395,0.9293822050094604
synthetic_form_00124,e01-018,dropout,5.586183547973633,0.8673585653305054
synthetic_form_00125,f04-079,blur,6.651522159576416,0.8328596353530884
synthetic_form_00126,r06-137,dropout,4.896513938903809,0.9137994647026062
synthetic_form_00127,a01-063x,thinning,4.581113815307617,0.9297151565551758
synthetic_form_00128,n02-000,thinning,5.754519462585449,0.8664078712463379
synthetic_form_00129,a01-072u,thinning,4.667163372039795,0.921454668045044
synthetic_form_00130,n04-015,dropout,6.167012691497803,0.8581329584121704
synthetic_form_00131,p02-105,thinning,6.740320205688477,0.8359277844429016
synthetic_form_00132,c03-000c,thickening,5.898728370666504,0.8716340065002441
synthetic_form_00133,l01-173,thinning,5.474349021911621,0.8935730457305908
synthetic_form_00134,l04-159,thickening,5.284640789031982,0.894023597240448
synthetic_form_00135,e07-094,thickening,5.207215309143066,0.8898820281028748
synthetic_form_00136,a02-078,blur,5.267925262451172,0.8969019055366516
synthetic_form_00137,a04-092,thickening,5.979754447937012,0.8521287441253662
synthetic_form_00138,h05-012,dropout,4.8176984786987305,0.924179196357727
synthetic_form_00139,p03-029,blur,5.3906636238098145,0.8840070366859436
synthetic_form_00140,m02-069,dropout,6.257280349731445,0.8717441558837891
synthetic_form_00141,g06-045o,thinning,5.621932029724121,0.9055654406547546
synthetic_form_00142,e04-038,dropout,4.979715824127197,0.8986819982528687
synthetic_form_00143,f07-028a,thinning,4.47340726852417,0.9253793954849243
synthetic_form_00144,c06-052,blur,5.203136444091797,0.9081085920333862
synthetic_form_00145,e04-043,thinning,5.55247688293457,0.879633903503418
synthetic_form_00146,d05-030,thinning,4.620276927947998,0.9151330590248108
synthetic_form_00147,m06-091,thickening,4.991034507751465,0.892318606376648
synthetic_form_00148,e06-049,blur,7.275412559509277,0.8199627995491028
synthetic_form_00149,n03-066,blur,4.435831546783447,0.9221248626708984
synthetic_form_00150,g06-042k,blur,6.534747123718262,0.8366535305976868
synthetic_form_00151,p02-139,blur,6.225220203399658,0.8782427906990051
synthetic_form_00152,d04-047,blur,5.845658302307129,0.8707941174507141
synthetic_form_00153,b04-040,thinning,6.773698806762695,0.8323640823364258
synthetic_form_00154,r03-110,blur,5.990300178527832,0.8577368259429932
synthetic_form_00155,b01-023,blur,5.622624397277832,0.8813776969909668
synthetic_form_00156,c03-081e,thinning,5.474359512329102,0.8922041058540344
synthetic_form_00157,a02-116,thinning,6.407251834869385,0.8336043953895569
synthetic_form_00158,b01-049,dropout,5.736430644989014,0.8843424320220947
synthetic_form_00159,h02-022,thickening,4.496419906616211,0.9198816418647766
synthetic_form_00160,h02-017,dropout,6.315269470214844,0.8462636470794678
synthetic_form_00161,h06-082,thinning,5.180217742919922,0.8898662328720093
synthetic_form_00162,k07-085,thickening,6.870591640472412,0.8356612920761108
synthetic_form_00163,g06-037i,thinning,6.403395175933838,0.8415959477424622
synthetic_form_00164,g06-050k,dropout,7.587041854858398,0.7972114086151123
synthetic_form_00165,f01-066,thickening,7.517283916473389,0.8168542981147766
synthetic_form_00166,m03-118,thinning,4.820328712463379,0.9065978527069092
synthetic_form_00167,c03-016d,dropout,4.654011249542236,0.9238735437393188
synthetic_form_00168,g06-050k,thinning,7.635376453399658,0.7950198650360107
synthetic_form_00169,p03-027,thickening,5.625172138214111,0.8792604207992554
synthetic_form_00170,d04-071,thinning,6.360265254974365,0.8667715787887573
synthetic_form_00171,b03-104,blur,4.469735145568848,0.9206077456474304
synthetic_form_00172,b06-019,blur,6.5402069091796875,0.8447182774543762
synthetic_form_00173,l07-065,thickening,5.832855224609375,0.8873478770256042
synthetic_form_00174,n06-156,blur,3.293750524520874,0.9589245319366455
synthetic_form_00175,h07-030,thickening,5.514703750610352,0.8737810850143433
synthetic_form_00176,r03-035,thickening,5.2158684730529785,0.8897285461425781
synthetic_form_00177,d04-021,blur,5.3657636642456055,0.8881512880325317
synthetic_form_00178,l01-179,dropout,5.688145160675049,0.8781753778457642
synthetic_form_00179,j04-012,thinning,4.489291191101074,0.9261189103126526
synthetic_form_00180,m04-138,blur,4.990426063537598,0.9252874851226807
synthetic_form_00181,g06-031j,thinning,6.694241046905518,0.8387967944145203
synthetic_form_00182,g06-031r,dropout,4.721125602722168,0.9123854041099548
synthetic_form_00183,k04-050,blur,5.619632244110107,0.8884008526802063
synthetic_form_00184,d06-086,thickening,9.444344520568848,0.6937761306762695
synthetic_form_00185,k03-138,thinning,5.421990871429443,0.9089809656143188
synthetic_form_00186,m03-020,thickening,6.058341979980469,0.852637767791748
synthetic_form_00187,e01-107,dropout,6.812789440155029,0.8262267708778381
synthetic_form_00188,p02-090,thinning,5.289722442626953,0.8909769058227539
synthetic_form_00189,f02-017,thickening,6.872710227966309,0.8476008772850037
synthetic_form_00190,b03-087,dropout,5.010258197784424,0.907857358455658
synthetic_form_00191,p03-181,dropout,7.481033802032471,0.8044375777244568
synthetic_form_00192,h04-000,thinning,5.624323844909668,0.8709264993667603
synthetic_form_00193,c03-096d,thinning,5.748607158660889,0.8720906972885132
synthetic_form_00194,e04-015,blur,5.519813060760498,0.8934242129325867
synthetic_form_00195,a01-007,dropout,5.718685626983643,0.889680802822113
synthetic_form_00196,b06-071,blur,6.442050457000732,0.8462278842926025
synthetic_form_00197,f07-013,dropout,5.972084045410156,0.8534234762191772
synthetic_form_00198,g06-101,thinning,4.64782190322876,0.9174527525901794
synthetic_form_00199,d04-071,thickening,6.292232036590576,0.8694274425506592
synthetic_form_00200,r06-053,dropout,7.044765949249268,0.8144192695617676
synthetic_form_00201,n03-066,thickening,4.433213233947754,0.9223215579986572
synthetic_form_00202,h07-037,dropout,4.604900360107422,0.9139474630355835
synthetic_form_00203,b01-018,thinning,7.763038635253906,0.7740274667739868
synthetic_form_00204,n02-037,blur,6.576484680175781,0.8313036561012268
synthetic_form_00205,f07-039a,thickening,5.277990341186523,0.891538143157959
synthetic_form_00206,n04-084,dropout,4.469282627105713,0.9267133474349976
synthetic_form_00207,k02-112,thinning,5.6456193923950195,0.8608415126800537
synthetic_form_00208,d04-008,thickening,4.637162208557129,0.9079763293266296
synthetic_form_00209,c03-003b,thickening,6.519446849822998,0.842991292476654
synthetic_form_00210,a03-066,dropout,4.402533531188965,0.9190250635147095
synthetic_form_00211,b06-049,thinning,4.703722953796387,0.9165562391281128
synthetic_form_00212,c03-021b,thinning,6.15280294418335,0.8727871775627136
synthetic_form_00213,l04-052,blur,6.335466384887695,0.8623870611190796
synthetic_form_00214,g07-007b,dropout,6.548125267028809,0.8538578152656555
synthetic_form_00215,e04-132,blur,5.896764278411865,0.8658407926559448
synthetic_form_00216,l04-106,blur,6.044776916503906,0.8667513132095337
synthetic_form_00217,g06-115,dropout,4.9983296394348145,0.9159709811210632
synthetic_form_00218,h04-007,blur,5.542588710784912,0.8806468844413757
synthetic_form_00219,l01-143,thickening,4.699640274047852,0.9118461608886719
synthetic_form_00220,g06-026a,thickening,5.475552082061768,0.8707507848739624
synthetic_form_00221,r06-057,thinning,7.465029716491699,0.8116968274116516
synthetic_form_00222,c06-138,thinning,7.802151203155518,0.8145904541015625
synthetic_form_00223,m04-019,dropout,6.091548442840576,0.8705765008926392
synthetic_form_00224,a02-008,thickening,5.772177219390869,0.8748326897621155
synthetic_form_00225,f04-079,thinning,6.683478355407715,0.831009566783905
synthetic_form_00226,j06-030,blur,5.308376312255859,0.9100663065910339
synthetic_form_00227,h02-043,blur,4.965263843536377,0.9147553443908691
synthetic_form_00228,b03-104,thinning,4.456549644470215,0.9211158752441406
synthetic_form_00229,k04-119,thickening,5.973002910614014,0.8619360327720642
synthetic_form_00230,k02-023,blur,6.889163970947266,0.8224800825119019
synthetic_form_00231,l04-071,thickening,4.613274097442627,0.9165970087051392
synthetic_form_00232,d04-071,blur,6.289808750152588,0.869290828704834
synthetic_form_00233,m01-115,dropout,7.339624881744385,0.7979539036750793
synthetic_form_00234,p02-121,thickening,7.019375801086426,0.8384727239608765
synthetic_form_00235,a02-111,thickening,4.2764153480529785,0.93459153175354
synthetic_form_00236,d04-081,dropout,5.176820755004883,0.9039705991744995
synthetic_form_00237,g06-089,dropout,5.283178806304932,0.900691568851471
synthetic_form_00238,l04-102,dropout,5.658523082733154,0.8863474130630493
synthetic_form_00239,n02-040,dropout,5.248134613037109,0.8873376846313477
synthetic_form_00240,e04-043,thinning,5.577859878540039,0.878500759601593
synthetic_form_00241,g06-047p,thickening,4.971033096313477,0.9078328609466553
synthetic_form_00242,g04-022,thickening,7.976308822631836,0.8015179634094238
synthetic_form_00243,e04-015,thickening,5.533311367034912,0.8927364945411682
synthetic_form_00244,c06-052,thickening,5.1356611251831055,0.9115900993347168
synthetic_form_00245,f07-019b,thinning,6.067028045654297,0.8595157265663147
synthetic_form_00246,k04-093,thinning,6.37034273147583,0.8402309417724609
synthetic_form_00247,b06-064,blur,4.375211238861084,0.9330546855926514
synthetic_form_00248,b06-042,thinning,6.114213943481445,0.8741614818572998
synthetic_form_00249,n02-146,thickening,5.192145347595215,0.9072465300559998
synthetic_form_00250,d04-121,thinning,4.917300224304199,0.9079833030700684
synthetic_form_00251,a03-040,thickening,5.810284614562988,0.8769324421882629
synthetic_form_00252,a04-043,thickening,5.2068400382995605,0.9060444235801697
synthetic_form_00253,h07-040b,blur,4.87116003036499,0.9179285764694214
synthetic_form_00254,g07-003a,dropout,6.0012054443359375,0.8700051307678223
synthetic_form_00255,g06-026m,dropout,6.525043487548828,0.8607365489006042
synthetic_form_00256,p03-103,blur,5.519981861114502,0.8647888898849487
synthetic_form_00257,m01-095,blur,5.232253074645996,0.8904532194137573
synthetic_form_00258,m03-095,blur,5.622412204742432,0.8699368834495544
synthetic_form_00259,g06-011e,dropout,6.830331325531006,0.8229425549507141
synthetic_form_00260,h07-057a,thickening,5.213105201721191,0.8963775038719177
synthetic_form_00261,n01-057,thinning,5.966372489929199,0.8866338729858398
synthetic_form_00262,f07-039b,thickening,5.725691318511963,0.8769593834877014
synthetic_form_00263,g06-042n,blur,6.453938961029053,0.8387454152107239
synthetic_form_00264,b06-097,thickening,4.875369548797607,0.9048507809638977
synthetic_form_00265,a06-110,thinning,7.137510299682617,0.8280643820762634
synthetic_form_00266,l04-098,thickening,5.173214435577393,0.8891869783401489
synthetic_form_00267,g01-037,thickening,5.809720516204834,0.8583269715309143
synthetic_form_00268,l07-176,thinning,4.703693866729736,0.9150190353393555
synthetic_form_00269,n02-054,blur,4.776662349700928,0.9223957657814026
synthetic_form_00270,k04-110,thinning,5.491023063659668,0.8743426203727722
synthetic_form_00271,k07-059a,thickening,4.3125410079956055,0.9238536357879639
synthetic_form_00272,n02-098,thickening,5.954073429107666,0.8745671510696411
synthetic_form_00273,e02-100,blur,5.870011806488037,0.8712103962898254
synthetic_form_00274,g01-019,dropout,6.435740947723389,0.8323321342468262
synthetic_form_00275,a04-096,thickening,6.354610919952393,0.8118214011192322
synthetic_form_00276,j06-026,dropout,5.2290215492248535,0.8983872532844543
synthetic_form_00277,f07-046b,blur,6.520386695861816,0.8438024520874023
synthetic_form_00278,k07-185,thinning,5.933609962463379,0.8673840761184692
synthetic_form_00279,n04-075,dropout,6.599677085876465,0.8564990758895874
synthetic_form_00280,h04-049,blur,5.119942665100098,0.885267972946167
synthetic_form_00281,c06-095,blur,4.739773273468018,0.921697735786438
synthetic_form_00282,g06-045c,dropout,4.995386123657227,0.89908367395401
synthetic_form_00283,j04-115,thinning,5.776038646697998,0.8766617178916931
synthetic_form_00284,l07-138,blur,5.413771629333496,0.8924398422241211
synthetic_form_00285,c06-043,blur,4.606422424316406,0.9221013784408569
synthetic_form_00286,f04-087,dropout,5.265470504760742,0.9005274772644043
synthetic_form_00287,c03-021c,thinning,5.763494491577148,0.8721834421157837
synthetic_form_00288,a05-009,dropout,4.808344841003418,0.9122348427772522
synthetic_form_00289,a01-063u,dropout,5.477494716644287,0.8877838850021362
synthetic_form_00290,l01-119,blur,5.438024520874023,0.878365159034729
synthetic_form_00291,b03-104,thinning,4.4599690437316895,0.9210326671600342
synthetic_form_00292,n06-169,thickening,3.929056406021118,0.9425605535507202
synthetic_form_00293,g06-045o,thickening,5.647491931915283,0.9049447178840637
synthetic_form_00294,f02-003,thinning,5.4557366371154785,0.8864907026290894
synthetic_form_00295,h07-071a,thinning,5.599543571472168,0.8725601434707642
synthetic_form_00296,g01-022,thinning,5.904293537139893,0.8349144458770752
synthetic_form_00297,b06-053,thinning,4.642297267913818,0.9099528789520264
synthetic_form_00298,c03-021f,dropout,5.94133996963501,0.8746695518493652
synthetic_form_00299,n04-195,blur,7.059128761291504,0.8475764393806458
synthetic_form_00300,m04-012,thickening,6.2985758781433105,0.8565686941146851
synthetic_form_00301,g06-047k,thickening,6.302396297454834,0.8443506956100464
synthetic_form_00302,h07-063b,dropout,7.039181232452393,0.7934921383857727
synthetic_form_00303,a02-046,thickening,5.5286149978637695,0.8801339864730835
synthetic_form_00304,a06-064,dropout,4.753683567047119,0.9133967757225037
synthetic_form_00305,g07-022b,dropout,6.481984615325928,0.8417114019393921
synthetic_form_00306,l01-082,dropout,5.746094226837158,0.8874261379241943
synthetic_form_00307,h07-033,thickening,5.180017948150635,0.8930343985557556
synthetic_form_00308,p03-142,thickening,6.438729763031006,0.8466002345085144
synthetic_form_00309,p03-033,thinning,5.229647159576416,0.8883952498435974
synthetic_form_00310,g04-068,blur,5.213568687438965,0.8985332250595093
synthetic_form_00311,n04-163,thickening,6.744635581970215,0.8311485052108765
synthetic_form_00312,a06-124,blur,5.854990482330322,0.8661524057388306
synthetic_form_00313,d06-086,thinning,9.385428428649902,0.6916207671165466
synthetic_form_00314,a05-099,blur,4.265948295593262,0.9299624562263489
synthetic_form_00315,f02-003,thickening,5.453226089477539,0.8866323232650757
synthetic_form_00316,k04-142,thinning,6.090620517730713,0.8602403402328491
synthetic_form_00317,m06-098,blur,5.88167142868042,0.8597319722175598
synthetic_form_00318,a01-063,thinning,11.044963836669922,0.7191097140312195
synthetic_form_00319,h04-052,thinning,6.05150032043457,0.8564794063568115
synthetic_form_00320,e07-000,thickening,4.611754417419434,0.9252320528030396
synthetic_form_00321,f07-028b,dropout,6.589807987213135,0.8308960795402527
synthetic_form_00322,c01-009,thinning,7.0985493659973145,0.8116936087608337
synthetic_form_00323,a02-098,dropout,6.244570255279541,0.8632138967514038
synthetic_form_00324,m01-121,thinning,4.930858135223389,0.9092634916305542
synthetic_form_00325,f01-147,blur,5.9179911613464355,0.8653001189231873
synthetic_form_00326,n04-156,blur,7.077325820922852,0.8235405683517456
synthetic_form_00327,g06-011g,thinning,5.68145751953125,0.8806028366088867
synthetic_form_00328,m01-032,thickening,5.301436424255371,0.906447172164917
synthetic_form_00329,h02-037,thickening,7.317406177520752,0.8482710719108582
synthetic_form_00330,a05-121,dropout,4.302400588989258,0.9247190356254578
synthetic_form_00331,h07-080a,thickening,5.735068321228027,0.8743403553962708
synthetic_form_00332,g06-050l,thickening,5.478648662567139,0.8909624218940735
synthetic_form_00333,h07-037,thickening,4.608948230743408,0.9157816171646118
synthetic_form_00334,d01-104,blur,6.291956901550293,0.8594178557395935
synthetic_form_00335,b06-053,dropout,4.900089263916016,0.901390016078949
synthetic_form_00336,p02-022,dropout,6.638470649719238,0.8288137316703796
synthetic_form_00337,m02-066,blur,8.013833045959473,0.8116934895515442
synthetic_form_00338,c06-095,dropout,4.638948917388916,0.9240877628326416
synthetic_form_00339,b02-045,thickening,6.703522682189941,0.8302674889564514
synthetic_form_00340,d04-125,dropout,6.936631202697754,0.8504595756530762
synthetic_form_00341,a04-035,thickening,6.017038822174072,0.849931001663208
synthetic_form_00342,j01-045,blur,4.824707508087158,0.9137222766876221
synthetic_form_00343,g06-045b,thinning,7.3653717041015625,0.7987303733825684
synthetic_form_00344,c03-094c,thickening,6.853032112121582,0.8286274671554565
synthetic_form_00345,k03-157,thickening,5.4854230880737305,0.8880701661109924
synthetic_form_00346,g07-074a,blur,6.174060344696045,0.8425496816635132
synthetic_form_00347,d06-100,blur,8.433452606201172,0.7892711758613586
synthetic_form_00348,d05-025,blur,5.570362091064453,0.8820365071296692
synthetic_form_00349,b05-042,blur,7.141319274902344,0.817886471748352
synthetic_form_00350,m06-042,dropout,5.185352325439453,0.8933658003807068
synthetic_form_00351,m04-081,thickening,7.2927093505859375,0.8040883541107178
synthetic_form_00352,g07-000b,thickening,6.182459354400635,0.869235098361969
synthetic_form_00353,a02-082,dropout,6.211583137512207,0.8441283702850342
synthetic_form_00354,k03-144,thinning,4.589291572570801,0.9184417128562927
synthetic_form_00355,g01-083,blur,6.43213415145874,0.8304440975189209
synthetic_form_00356,b04-107,dropout,5.650007247924805,0.872442364692688
synthetic_form_00357,g06-011p,dropout,5.279726028442383,0.8909984827041626
synthetic_form_00358,g04-022,thickening,7.87769889831543,0.8056507706642151
synthetic_form_00359,g06-042i,thinning,4.651751518249512,0.9132554531097412
synthetic_form_00360,f04-035,blur,5.263219833374023,0.8897328972816467
synthetic_form_00361,f01-075,thinning,5.958346843719482,0.8656842708587646
synthetic_form_00362,g01-022,dropout,5.881844997406006,0.8363305926322937
synthetic_form_00363,e04-004,thickening,6.991949558258057,0.845130205154419
synthetic_form_00364,m04-190,thinning,6.677346706390381,0.8323530554771423
synthetic_form_00365,b06-023,thickening,5.787652969360352,0.8745031952857971
synthetic_form_00366,a04-072,blur,5.800689220428467,0.8879886865615845
synthetic_form_00367,g06-011i,thinning,5.782444477081299,0.8721483945846558
synthetic_form_00368,g04-052,thinning,4.471373081207275,0.9234189391136169
synthetic_form_00369,g06-026f,thinning,5.523909091949463,0.8781818747520447
synthetic_form_00370,a01-107,dropout,6.213868141174316,0.8792392611503601
synthetic_form_00371,k07-067a,dropout,5.801869869232178,0.8726989030838013
synthetic_form_00372,c06-087,thinning,5.386666297912598,0.8998755216598511
synthetic_form_00373,b05-058,dropout,6.763468265533447,0.8333395719528198
synthetic_form_00374,a06-036,thickening,8.419425010681152,0.7764594554901123
synthetic_form_00375,k03-117,thinning,6.203460693359375,0.868405818939209
synthetic_form_00376,h07-066b,thinning,5.643377780914307,0.8780089616775513
synthetic_form_00377,h06-096,blur,5.3370361328125,0.8904039859771729
synthetic_form_00378,g07-047,thickening,5.932662010192871,0.8660950660705566
synthetic_form_00379,f01-147,dropout,5.999953269958496,0.861440896987915
synthetic_form_00380,g06-031l,blur,4.845096111297607,0.9146624207496643
synthetic_form_00381,m06-031,blur,7.337375640869141,0.7877271771430969
synthetic_form_00382,b04-162,thinning,5.6974382400512695,0.868043839931488
synthetic_form_00383,g06-045i,thickening,4.366654872894287,0.9236147403717041
synthetic_form_00384,b06-100,blur,5.360602378845215,0.8947256207466125
synthetic_form_00385,p03-057,blur,5.324451446533203,0.8799858689308167
synthetic_form_00386,a05-080,blur,4.459736347198486,0.9169173836708069
synthetic_form_00387,b04-121,thickening,6.896030902862549,0.8316258192062378
synthetic_form_00388,m04-246,thinning,5.006537914276123,0.90030837059021
synthetic_form_00389,n02-109,blur,6.124906539916992,0.8594263792037964
synthetic_form_00390,k07-125,thickening,5.435780048370361,0.9070549607276917
synthetic_form_00391,m04-251,dropout,6.960665225982666,0.8501703143119812
synthetic_form_00392,m02-083,blur,5.604801654815674,0.8815932273864746
synthetic_form_00393,m06-019,dropout,4.0238471031188965,0.9369676113128662
synthetic_form_00394,e07-061,thinning,5.339297771453857,0.8928249478340149
synthetic_form_00395,g06-037h,blur,5.162416458129883,0.8814923167228699
synthetic_form_00396,m01-079,blur,6.904306888580322,0.8433496952056885
synthetic_form_00397,g06-026g,thickening,5.399862766265869,0.8863916397094727
synthetic_form_00398,d05-040,dropout,6.055774688720703,0.8570460677146912
synthetic_form_00399,d06-046,blur,6.815157413482666,0.8396844267845154
synthetic_form_00400,g06-011k,blur,6.536009311676025,0.8202682733535767
synthetic_form_00401,l01-199,dropout,7.078387260437012,0.8632121682167053
synthetic_form_00402,j01-042,dropout,4.757607460021973,0.9233683347702026
synthetic_form_00403,a01-087u,dropout,5.369800567626953,0.8964404463768005
synthetic_form_00404,d05-025,thickening,5.676921844482422,0.8763265013694763
synthetic_form_00405,e04-068,blur,5.783020496368408,0.8759730458259583
synthetic_form_00406,k02-029,dropout,5.0950517654418945,0.9002828598022461
synthetic_form_00407,b05-045,dropout,6.548219680786133,0.853436291217804
synthetic_form_00408,g04-011,thinning,6.622406482696533,0.8323327302932739
synthetic_form_00409,k04-079,dropout,7.223720550537109,0.8020197749137878
synthetic_form_00410,k04-050,thickening,5.652761459350586,0.8873414397239685
synthetic_form_00411,a06-152,blur,6.848187446594238,0.8380095362663269
synthetic_form_00412,b06-036,dropout,5.617358684539795,0.8873849511146545
synthetic_form_00413,h07-030,thinning,5.520738124847412,0.8721719980239868
synthetic_form_00414,h01-014,thinning,6.145155906677246,0.8578005433082581
synthetic_form_00415,m01-160,blur,6.4829583168029785,0.8523477911949158
synthetic_form_00416,l04-174,dropout,5.70853853225708,0.877037525177002
synthetic_form_00417,p03-047,blur,6.261322498321533,0.8668869733810425
synthetic_form_00418,f07-006,blur,7.340970516204834,0.838449239730835
synthetic_form_00419,r02-013,dropout,8.853816986083984,0.7707018852233887
synthetic_form_00420,e01-086,thickening,6.658952713012695,0.8579664826393127
synthetic_form_00421,h02-035,dropout,5.302846431732178,0.8848472237586975
synthetic_form_00422,b06-064,thickening,4.361776351928711,0.9333829283714294
synthetic_form_00423,p02-115,dropout,6.916220664978027,0.8238517045974731
synthetic_form_00424,f02-040,thinning,6.650055885314941,0.8072865605354309
synthetic_form_00425,h07-033a,thinning,5.5591278076171875,0.8873401284217834
synthetic_form_00426,k07-059a,dropout,4.521018028259277,0.9162320494651794
synthetic_form_00427,f02-040,blur,6.477173328399658,0.817234992980957
synthetic_form_00428,k04-005,dropout,5.045900821685791,0.8949620723724365
synthetic_form_00429,c04-000,blur,4.863394737243652,0.9182897806167603
synthetic_form_00430,d01-118,thinning,6.851147651672363,0.8298887610435486
synthetic_form_00431,f04-004,blur,8.427139282226562,0.8146947622299194
synthetic_form_00432,e04-132,dropout,5.873851776123047,0.8653788566589355
synthetic_form_00433,g06-018p,blur,3.3557090759277344,0.9537748098373413
synthetic_form_00434,a02-086,blur,5.005944728851318,0.9014702439308167
synthetic_form_00435,g06-047k,thinning,6.298752307891846,0.8445018529891968
synthetic_form_00436,k02-067,thinning,5.457881450653076,0.8776094913482666
synthetic_form_00437,m02-066,thinning,8.00538158416748,0.8120632171630859
synthetic_form_00438,n04-015,thinning,6.020009517669678,0.8646029233932495
synthetic_form_00439,b01-023,thickening,5.559284210205078,0.8837772011756897
synthetic_form_00440,b05-074,dropout,6.219999313354492,0.8506931662559509
synthetic_form_00441,n02-016,blur,6.1180620193481445,0.8514601588249207
synthetic_form_00442,f04-035,thickening,5.2959980964660645,0.8881770372390747
synthetic_form_00443,l01-129,thinning,4.476187705993652,0.920825719833374
synthetic_form_00444,c03-021d,dropout,5.974088191986084,0.8709739446640015
synthetic_form_00445,c03-094a,blur,6.997999668121338,0.7957615256309509
synthetic_form_00446,l01-000,blur,9.122705459594727,0.715533971786499
synthetic_form_00447,g06-093,thinning,4.753009796142578,0.9153169989585876
synthetic_form_00448,e02-094,blur,5.5429792404174805,0.8757268190383911
synthetic_form_00449,c02-089,thinning,5.017405986785889,0.8967932462692261
synthetic_form_00450,r03-065,thinning,5.188322067260742,0.8885021209716797
synthetic_form_00451,m01-125,dropout,5.560959815979004,0.8779733777046204
synthetic_form_00452,j01-045,thickening,4.8222575187683105,0.9139446020126343
synthetic_form_00453,b06-004,thickening,4.85721492767334,0.9210881590843201
synthetic_form_00454,g06-011j,blur,7.509728908538818,0.8066745400428772
synthetic_form_00455,e07-098,thickening,4.911984920501709,0.9027581214904785
synthetic_form_00456,n02-028,thickening,7.169609069824219,0.8452536463737488
synthetic_form_00457,b04-026,dropout,6.976566791534424,0.8191256523132324
synthetic_form_00458,n06-123,thickening,5.3551154136657715,0.8993624448776245
synthetic_form_00459,e06-070,thinning,6.539013862609863,0.850299596786499
synthetic_form_00460,h02-019,blur,5.073256492614746,0.9135677814483643
synthetic_form_00461,g06-037h,thinning,5.153008460998535,0.8821748495101929
synthetic_form_00462,n04-190,dropout,6.12137508392334,0.8600017428398132
synthetic_form_00463,j06-005,thickening,5.281276702880859,0.8730932474136353
synthetic_form_00464,k04-017,thinning,6.007657051086426,0.8549537658691406
synthetic_form_00465,f04-087,thinning,5.3893632888793945,0.8954213857650757
synthetic_form_00466,a06-075,dropout,7.4747138023376465,0.7951914072036743
synthetic_form_00467,b05-017,thickening,5.751514911651611,0.8870507478713989
synthetic_form_00468,g07-022a,dropout,5.597973823547363,0.8645116090774536
synthetic_form_00469,d06-107,thickening,8.200338363647461,0.7863466739654541
synthetic_form_00470,g06-042g,thickening,6.247477054595947,0.8470713496208191
synthetic_form_00471,h01-000,thinning,5.871973991394043,0.8720239996910095
synthetic_form_00472,m04-251,dropout,6.8859734535217285,0.8535568714141846
synthetic_form_00473,g04-108,thinning,7.480875492095947,0.8290657997131348
synthetic_form_00474,b04-026,thinning,6.9944658279418945,0.8183702230453491
synthetic_form_00475,a01-007x,dropout,5.059955596923828,0.9012387990951538
synthetic_form_00476,n04-068,thinning,5.584410667419434,0.8869457840919495
synthetic_form_00477,g07-014,thinning,4.423649787902832,0.9147604703903198
synthetic_form_00478,a01-132x,thickening,4.879617214202881,0.9088051319122314
synthetic_form_00479,c04-165,thickening,4.8900065422058105,0.8936720490455627
synthetic_form_00480,l07-118,dropout,4.8243842124938965,0.9108148217201233
synthetic_form_00481,g06-047d,thickening,5.999628067016602,0.8520012497901917
synthetic_form_00482,h07-040b,blur,4.851083278656006,0.9187410473823547
synthetic_form_00483,l01-195,thinning,5.295731544494629,0.8821830749511719
synthetic_form_00484,b06-027,dropout,8.651119232177734,0.7975978851318359
synthetic_form_00485,e07-086,thinning,5.746108531951904,0.8765126466751099
synthetic_form_00486,k04-106,dropout,4.883356094360352,0.902930498123169
synthetic_form_00487,j04-080,dropout,6.081091403961182,0.8678576946258545
synthetic_form_00488,b06-075(1),dropout,4.030076503753662,0.9367095232009888
synthetic_form_00489,d05-025,dropout,5.719197750091553,0.8750518560409546
synthetic_form_00490,a03-089,thinning,6.110239505767822,0.8834770917892456
synthetic_form_00491,d06-003,thickening,6.059782028198242,0.879977822303772
synthetic_form_00492,g04-052,thickening,4.5320048332214355,0.9205406904220581
synthetic_form_00493,g04-104,thickening,5.9749298095703125,0.8740964531898499
synthetic_form_00494,c03-094e,thinning,5.400806427001953,0.8774807453155518
synthetic_form_00495,c06-014,thinning,7.922978401184082,0.8286325931549072
synthetic_form_00496,r06-018,thinning,5.357783317565918,0.9010679125785828
synthetic_form_00497,g06-026c,blur,4.649544715881348,0.919090986251831
synthetic_form_00498,g06-011c,blur,6.641967296600342,0.8339188694953918
synthetic_form_00499,e01-029,dropout,5.497394561767578,0.8880382776260376
synthetic_form_00500,b01-004,thinning,5.462069034576416,0.8874138593673706
synthetic_form_00501,f02-036,thinning,6.219205856323242,0.8615885972976685
synthetic_form_00502,a01-053x,dropout,5.290746688842773,0.9042224884033203
synthetic_form_00503,e06-070,thinning,6.605450630187988,0.846830427646637
synthetic_form_00504,l01-023,blur,5.461776256561279,0.8919718861579895
synthetic_form_00505,d07-093,dropout,5.547872066497803,0.8817757964134216
synthetic_form_00506,c03-003f,dropout,6.266818046569824,0.8590301275253296
synthetic_form_00507,c03-087b,thickening,5.784627914428711,0.8794345259666443
synthetic_form_00508,a03-014,thinning,6.533968448638916,0.8739618062973022
synthetic_form_00509,p03-029,dropout,5.568618297576904,0.8769938945770264
synthetic_form_00510,g04-072,dropout,5.542120933532715,0.8777948617935181
synthetic_form_00511,n02-114,dropout,6.035979270935059,0.8752134442329407
synthetic_form_00512,a01-038x,blur,6.485933303833008,0.8781750798225403
synthetic_form_00513,a01-058u,thinning,5.189068794250488,0.8997418880462646
synthetic_form_00514,a06-147,thinning,3.9071836471557617,0.9298387765884399
synthetic_form_00515,g01-039,thickening,7.4971418380737305,0.7924720644950867
synthetic_form_00516,g06-031e,thinning,5.453721523284912,0.8828568458557129
synthetic_form_00517,n06-082,thickening,5.166769981384277,0.904833197593689
synthetic_form_00518,g05-098,thickening,4.985790729522705,0.9140451550483704
synthetic_form_00519,a01-026x,dropout,4.52606201171875,0.9155095219612122
synthetic_form_00520,m06-076,thickening,4.988173961639404,0.8977361917495728
synthetic_form_00521,c06-043,dropout,4.6757707595825195,0.920042097568512
synthetic_form_00522,e02-082,thickening,6.344306945800781,0.8636735081672668
synthetic_form_00523,f02-076,thinning,6.412062168121338,0.8445131182670593
synthetic_form_00524,a05-058,thinning,3.810494899749756,0.9445677995681763
synthetic_form_00525,n04-130,thinning,7.214024543762207,0.833066463470459
synthetic_form_00526,h07-030a,dropout,5.377626895904541,0.8823862075805664
synthetic_form_00527,d04-058,dropout,4.832474231719971,0.8992407917976379
synthetic_form_00528,f04-074,dropout,8.540887832641602,0.7318989038467407
synthetic_form_00529,h06-000,dropout,4.239007472991943,0.9366263151168823
synthetic_form_00530,g06-045g,dropout,6.86373233795166,0.8170979619026184
synthetic_form_00531,a06-008,thinning,5.761348724365234,0.869133710861206
synthetic_form_00532,a05-108,thinning,4.072413921356201,0.931548535823822
synthetic_form_00533,f03-191,thickening,5.225960731506348,0.8992666006088257
synthetic_form_00534,g06-047p,thickening,4.8286356925964355,0.9127803444862366
synthetic_form_00535,a06-025,dropout,5.214565753936768,0.8975606560707092
synthetic_form_00536,b01-053,thickening,6.8333868980407715,0.8504611849784851
synthetic_form_00537,l07-118,thickening,4.918900489807129,0.9081330299377441
synthetic_form_00538,g06-037d,thinning,6.088640213012695,0.8553156852722168
synthetic_form_00539,n06-111,blur,4.9529500007629395,0.9112207293510437
synthetic_form_00540,e07-090,thickening,5.135592937469482,0.9063208699226379
synthetic_form_00541,g06-045m,dropout,6.156026363372803,0.8709917068481445
synthetic_form_00542,a05-058,dropout,3.781843662261963,0.9456314444541931
synthetic_form_00543,l04-179,thickening,5.895897388458252,0.8805125951766968
synthetic_form_00544,f01-053,dropout,5.577452182769775,0.8805476427078247
synthetic_form_00545,f04-100,thinning,5.170564651489258,0.8958417177200317
synthetic_form_00546,f04-032,dropout,4.439042568206787,0.925165593624115
synthetic_form_00547,f02-044,blur,7.589629650115967,0.8205264806747437
synthetic_form_00548,r03-050,thinning,7.539098262786865,0.8031123280525208
synthetic_form_00549,g04-098,blur,6.96990442276001,0.7945349216461182
synthetic_form_00550,b03-092,thinning,6.689890384674072,0.8448662161827087
synthetic_form_00551,r02-065,dropout,5.058197498321533,0.8992838859558105
synthetic_form_00552,e06-026,dropout,8.031691551208496,0.7714120149612427
synthetic_form_00553,b05-098,thinning,7.049940586090088,0.8258119821548462
synthetic_form_00554,g04-104,dropout,6.010406017303467,0.8723377585411072
synthetic_form_00555,l04-034,dropout,4.678259372711182,0.9287558794021606
synthetic_form_00556,k03-152,thickening,5.049086093902588,0.906813383102417
synthetic_form_00557,d06-050,thinning,7.6254987716674805,0.8070352673530579
synthetic_form_00558,k07-122,blur,7.070694923400879,0.8304773569107056
synthetic_form_00559,g06-045d,blur,6.351979732513428,0.844458281993866
synthetic_form_00560,d01-056,thinning,5.727156162261963,0.8787254691123962
synthetic_form_00561,g04-081,thinning,5.394557476043701,0.892309308052063
synthetic_form_00562,a01-096u,dropout,5.720166206359863,0.8863027095794678
synthetic_form_00563,a06-008,blur,5.718574523925781,0.8713849186897278
synthetic_form_00564,f02-030,dropout,6.1157612800598145,0.8705661296844482
synthetic_form_00565,g01-000,dropout,6.875451564788818,0.8200487494468689
synthetic_form_00566,f04-020,thickening,5.90208625793457,0.8894214630126953
synthetic_form_00567,f07-081a,thinning,4.3451409339904785,0.9294419884681702
synthetic_form_00568,k04-064,dropout,4.152512073516846,0.9386734366416931
synthetic_form_00569,g07-022a,thinning,5.5797438621521,0.8651589751243591
synthetic_form_00570,m04-238,thickening,6.237189769744873,0.8601048588752747
synthetic_form_00571,m02-052,dropout,7.324676990509033,0.8171197175979614
synthetic_form_00572,g06-018d,thinning,6.6987762451171875,0.8456581234931946
synthetic_form_00573,r06-137,thinning,4.902209758758545,0.9144210815429688
synthetic_form_00574,f04-071,blur,5.43163537979126,0.8912445306777954
synthetic_form_00575,n04-031,blur,6.094230651855469,0.8639527559280396
synthetic_form_00576,l07-103,thickening,4.819080352783203,0.9165899157524109
synthetic_form_00577,g01-025,blur,5.2669219970703125,0.8857375979423523
synthetic_form_00578,m02-055,blur,5.478218078613281,0.8745971918106079
synthetic_form_00579,b04-020,thinning,5.128494739532471,0.8892510533332825
synthetic_form_00580,p01-168,dropout,5.332143306732178,0.8940993547439575
synthetic_form_00581,l07-085,dropout,4.525393009185791,0.9249976873397827
synthetic_form_00582,c03-087f,thinning,6.474289894104004,0.8463157415390015
synthetic_form_00583,h04-082,blur,6.588185787200928,0.8403612971305847
synthetic_form_00584,g06-050l,thickening,5.515257358551025,0.8894332647323608
synthetic_form_00585,b05-067,dropout,6.745246410369873,0.856946587562561
synthetic_form_00586,g06-031k,dropout,5.680599212646484,0.8799198269844055
synthetic_form_00587,c03-003d,thinning,5.792689323425293,0.8842182159423828
synthetic_form_00588,a02-000,blur,5.538636207580566,0.8736041188240051
synthetic_form_00589,c03-003f,thickening,6.265900611877441,0.858847975730896
synthetic_form_00590,b03-092,blur,6.651203632354736,0.8468390107154846
synthetic_form_00591,k03-117,dropout,6.119744777679443,0.8704866170883179
synthetic_form_00592,k04-005,thinning,5.063204288482666,0.8949500322341919
synthetic_form_00593,a02-000,thickening,5.544950485229492,0.8734056353569031
synthetic_form_00594,b04-010,thinning,4.7614850997924805,0.9018288254737854
synthetic_form_00595,p03-080,thinning,4.46911096572876,0.9170778393745422
synthetic_form_00596,c04-170,blur,3.995023012161255,0.9372040033340454
synthetic_form_00597,l07-103,blur,4.838047504425049,0.9157669544219971
synthetic_form_00598,e06-006,thickening,6.197279930114746,0.8538982272148132
synthetic_form_00599,r06-115,thinning,4.418203353881836,0.922571063041687
synthetic_form_00600,d06-063,thinning,7.766682147979736,0.8235656023025513
synthetic_form_00601,h04-082,dropout,6.585946559906006,0.8414053916931152
synthetic_form_00602,g04-092,dropout,5.627867698669434,0.8754173517227173
synthetic_form_00603,j01-045,dropout,4.833169937133789,0.9133937358856201
synthetic_form_00604,h04-071,thickening,5.712472915649414,0.8774333000183105
synthetic_form_00605,g07-003a,thickening,6.061126708984375,0.8680139780044556
synthetic_form_00606,g06-026e,dropout,5.505398750305176,0.866199791431427
synthetic_form_00607,e02-000,blur,4.577064514160156,0.9109677076339722
synthetic_form_00608,k04-014,dropout,6.17426872253418,0.8594162464141846
synthetic_form_00609,f07-081b,thickening,4.689980506896973,0.9126489758491516
synthetic_form_00610,m04-000,thinning,5.288093090057373,0.9019445776939392
synthetic_form_00611,g06-109,thinning,5.277000427246094,0.8980511426925659
synthetic_form_00612,c02-030,blur,6.045389175415039,0.8770455718040466
synthetic_form_00613,a05-108,thickening,4.065444469451904,0.9317306876182556
synthetic_form_00614,m03-118,dropout,4.753880500793457,0.9085966944694519
synthetic_form_00615,n02-045,thickening,5.904795169830322,0.8660178184509277
synthetic_form_00616,h02-008,thinning,5.04351806640625,0.8982665538787842
synthetic_form_00617,a01-026x,thickening,4.40431547164917,0.9193629026412964
synthetic_form_00618,p01-174,thinning,5.193241119384766,0.914212167263031
synthetic_form_00619,a06-051,blur,5.825790882110596,0.8775362968444824
synthetic_form_00620,e07-076,thinning,6.2747273445129395,0.8624845743179321
synthetic_form_00621,j06-026,thinning,5.108484745025635,0.90314781665802
synthetic_form_00622,g01-022,dropout,5.882265090942383,0.8367314338684082
synthetic_form_00623,m02-069,thickening,6.298378944396973,0.8669697642326355
synthetic_form_00624,b06-000,dropout,5.893978595733643,0.8790040016174316
synthetic_form_00625,g01-022,thinning,5.859491348266602,0.8374077081680298
synthetic_form_00626,m06-076,blur,4.971741676330566,0.8982396125793457
synthetic_form_00627,n06-182,thinning,3.9376258850097656,0.9420170783996582
synthetic_form_00628,r06-090,thinning,5.0508012771606445,0.8911652565002441
synthetic_form_00629,g06-011o,thickening,5.735269069671631,0.9052807092666626
synthetic_form_00630,a01-038x,dropout,6.7331390380859375,0.8700867295265198
synthetic_form_00631,l01-007,thinning,5.5159478187561035,0.8985685706138611
synthetic_form_00632,a05-017,thickening,3.707289695739746,0.9521457552909851
synthetic_form_00633,c06-095,blur,4.739260196685791,0.9212586879730225
synthetic_form_00634,m04-030,dropout,6.036771297454834,0.8815485239028931
synthetic_form_00635,p02-131,thinning,4.795805931091309,0.9123637676239014
synthetic_form_00636,a05-121,thinning,4.2464399337768555,0.9265158772468567
synthetic_form_00637,k02-023,thickening,6.917434215545654,0.8214834332466125
synthetic_form_00638,p02-090,thickening,5.279881954193115,0.8911415338516235
synthetic_form_00639,a06-014,thickening,5.999623775482178,0.8529024124145508
synthetic_form_00640,n03-103,thickening,7.2880120277404785,0.8044053316116333
synthetic_form_00641,p03-033,thinning,5.221847057342529,0.8886602520942688
synthetic_form_00642,f07-096,thinning,7.002267837524414,0.8347973227500916
synthetic_form_00643,b04-140,thickening,6.400349140167236,0.8496949672698975
synthetic_form_00644,g06-045b,blur,7.4212422370910645,0.7958521842956543
synthetic_form_00645,p03-103,blur,5.495798110961914,0.8660447001457214
synthetic_form_00646,a03-063,thinning,5.926681041717529,0.8719723224639893
synthetic_form_00647,c02-017,thickening,5.828736782073975,0.8557203412055969
synthetic_form_00648,r06-011,thickening,4.788390636444092,0.9244261980056763
synthetic_form_00649,a02-120,thinning,5.8321213722229,0.8636390566825867
synthetic_form_00650,a02-024,thinning,6.162765026092529,0.8749806880950928
synthetic_form_00651,d06-050,blur,7.643414497375488,0.8059974908828735
synthetic_form_00652,a05-069,thickening,4.048202991485596,0.9285064935684204
synthetic_form_00653,d01-085,dropout,7.794463157653809,0.7816632986068726
synthetic_form_00654,a04-092,blur,5.969286918640137,0.8528028726577759
synthetic_form_00655,f04-083,thickening,5.557568073272705,0.8813596963882446
synthetic_form_00656,c04-098,thinning,4.968159198760986,0.9052837491035461
synthetic_form_00657,g04-032,thinning,7.0388360023498535,0.8118631839752197
synthetic_form_00658,a01-014x,blur,4.891326904296875,0.9003283381462097
synthetic_form_00659,m04-152,thickening,4.527101993560791,0.9214388132095337
synthetic_form_00660,g04-098,thickening,6.998662948608398,0.7935241460800171
synthetic_form_00661,j06-022,thickening,4.910548686981201,0.912618100643158
synthetic_form_00662,p03-096,thinning,5.310744762420654,0.8841109275817871
synthetic_form_00663,p02-121,thickening,7.108631610870361,0.8346560597419739
synthetic_form_00664,b05-042,thickening,7.200333595275879,0.8147820830345154
synthetic_form_00665,k07-185,thinning,5.891682147979736,0.8678874969482422
synthetic_form_00666,e01-025,blur,7.995314121246338,0.7594242691993713
synthetic_form_00667,f04-011,thickening,7.505648136138916,0.8482574820518494
synthetic_form_00668,b05-062,thickening,5.586612701416016,0.8904619812965393
synthetic_form_00669,g06-050i,thickening,6.211976528167725,0.8510599136352539
synthetic_form_00670,g02-059,dropout,5.049936294555664,0.908499538898468
synthetic_form_00671,e01-081,blur,5.513930797576904,0.8924187421798706
synthetic_form_00672,p03-004,thinning,4.452060699462891,0.9189967513084412
synthetic_form_00673,b06-068,blur,5.429793357849121,0.8920000791549683
synthetic_form_00674,g06-026b,blur,8.215250968933105,0.7724748849868774
synthetic_form_00675,c03-016e,thinning,5.372361183166504,0.8822709321975708
synthetic_form_00676,g07-022a,thickening,5.582419395446777,0.8654589653015137
synthetic_form_00677,a04-027,thinning,7.339841842651367,0.7776711583137512
synthetic_form_00678,g06-026k,blur,5.876242637634277,0.8729891777038574
synthetic_form_00679,a05-039,dropout,4.565153121948242,0.9175781607627869
synthetic_form_00680,b04-169,thickening,5.978135585784912,0.8733236789703369
synthetic_form_00681,g07-014b,dropout,7.260295391082764,0.814414381980896
synthetic_form_00682,r02-006,dropout,5.140826225280762,0.9030991792678833
synthetic_form_00683,n06-074,thinning,4.772649765014648,0.9087558388710022
synthetic_form_00684,e04-008,thickening,5.634188652038574,0.8862631320953369
synthetic_form_00685,m02-095,dropout,4.4407243728637695,0.9194138050079346
synthetic_form_00686,g06-031r,thickening,4.700618743896484,0.9131377935409546
synthetic_form_00687,e04-043,thinning,5.5605621337890625,0.8791362643241882
synthetic_form_00688,m04-072,dropout,7.312323570251465,0.8094786405563354
synthetic_form_00689,p03-121,dropout,7.019852638244629,0.8202166557312012
synthetic_form_00690,f07-084a,dropout,5.649087905883789,0.8624205589294434
synthetic_form_00691,e02-025,thinning,3.6443097591400146,0.9511575102806091
synthetic_form_00692,e04-062,blur,6.492915153503418,0.8479922413825989
synthetic_form_00693,l04-066,thinning,5.0378499031066895,0.9026359915733337
synthetic_form_00694,e01-102,thinning,5.172638893127441,0.9003762006759644
synthetic_form_00695,g01-043,blur,7.164933681488037,0.8090705871582031
synthetic_form_00696,r03-096,thickening,4.994497299194336,0.9092597961425781
synthetic_form_00697,p02-115,thinning,6.864989757537842,0.824598491191864
synthetic_form_00698,h06-085,dropout,5.329305171966553,0.8817185163497925
synthetic_form_00699,a02-046,thinning,5.565472602844238,0.8780644536018372
synthetic_form_00700,j04-111,thinning,5.901772975921631,0.8637146353721619
synthetic_form_00701,f07-046a,thickening,4.550476551055908,0.9129608869552612
synthetic_form_00702,b06-064,thickening,4.39003324508667,0.9326573014259338
synthetic_form_00703,g04-003,thickening,4.681436061859131,0.9151312112808228
synthetic_form_00704,e07-098,dropout,4.929423809051514,0.9018665552139282
synthetic_form_00705,m04-222,thinning,6.430511951446533,0.8344742059707642
synthetic_form_00706,d01-085,dropout,7.99147367477417,0.7709163427352905
synthetic_form_00707,f01-081,thinning,7.6806488037109375,0.8288427591323853
synthetic_form_00708,r02-081,dropout,6.527871131896973,0.8365517258644104
synthetic_form_00709,k07-185,blur,5.887428283691406,0.8689784407615662
synthetic_form_00710,m01-131,thickening,7.614962577819824,0.8133565783500671
synthetic_form_00711,b06-008,thinning,5.989845275878906,0.8867224454879761
synthetic_form_00712,f04-024,blur,4.763309478759766,0.9111533164978027
synthetic_form_00713,g06-050c,thinning,4.959812164306641,0.8937448859214783
synthetic_form_00714,g01-016,thickening,7.871658802032471,0.7439267039299011
synthetic_form_00715,g06-011o,thinning,5.715626239776611,0.9059789776802063
synthetic_form_00716,h06-089,dropout,5.669441223144531,0.8742451667785645
synthetic_form_00717,b01-033,thinning,6.946300506591797,0.8319616913795471
synthetic_form_00718,g06-050m,blur,5.103422164916992,0.9085484743118286
synthetic_form_00719,a01-072u,thickening,4.690201759338379,0.9208617806434631
synthetic_form_00720,c03-007c,thickening,7.192065715789795,0.8048645853996277
synthetic_form_00721,l04-179,dropout,5.891384124755859,0.8811260461807251
synthetic_form_00722,n02-028,thinning,7.121192932128906,0.847622275352478
synthetic_form_00723,b01-033,dropout,7.037917613983154,0.8276132941246033
synthetic_form_00724,p02-069,blur,7.085412979125977,0.8127006888389587
synthetic_form_00725,n02-127,thickening,6.236413478851318,0.860636293888092
synthetic_form_00726,g06-018l,thinning,4.9011735916137695,0.9083250164985657
synthetic_form_00727,g03-004,blur,8.839948654174805,0.7707269191741943
synthetic_form_00728,n02-154,thinning,5.726513385772705,0.8897309303283691
synthetic_form_00729,a01-102u,thickening,4.879221439361572,0.910590410232544
synthetic_form_00730,b03-109,dropout,6.186410427093506,0.8504241704940796
synthetic_form_00731,h04-078,dropout,4.941972732543945,0.9041510820388794
synthetic_form_00732,c03-087d,thinning,6.3919453620910645,0.8522104024887085
synthetic_form_00733,a02-106,blur,4.120214939117432,0.9327033162117004
synthetic_form_00734,d03-117,thinning,5.602385997772217,0.8821309208869934
synthetic_form_00735,a06-008,dropout,5.785001277923584,0.8681966066360474
synthetic_form_00736,l04-130,dropout,4.842518329620361,0.9138957262039185
synthetic_form_00737,j04-061,thinning,5.091746807098389,0.9026277661323547
synthetic_form_00738,e07-076,thinning,6.290844440460205,0.8634869456291199
synthetic_form_00739,g06-050h,thinning,3.981440782546997,0.9320471882820129
synthetic_form_00740,a02-090,thinning,6.413197994232178,0.8400613069534302
synthetic_form_00741,l07-065,thickening,5.817684173583984,0.8880080580711365
synthetic_form_00742,k04-110,blur,5.472039222717285,0.8751645684242249
synthetic_form_00743,j04-019,dropout,5.450071811676025,0.8846424221992493
synthetic_form_00744,b02-105,thickening,5.4583659172058105,0.8953832387924194
synthetic_form_00745,k07-085,blur,6.852673053741455,0.835969865322113
synthetic_form_00746,g06-031o,dropout,5.711766242980957,0.9015986323356628
synthetic_form_00747,a02-042,thinning,5.08229398727417,0.9115381240844727
synthetic_form_00748,a02-053,thickening,5.567166328430176,0.8730292320251465
synthetic_form_00749,h01-027,blur,6.983421802520752,0.8261581063270569
synthetic_form_00750,e07-105,thickening,5.164374351501465,0.8820854425430298
synthetic_form_00751,b05-050,blur,5.656484127044678,0.8844873905181885
synthetic_form_00752,e02-018,thickening,5.816543102264404,0.8625358939170837
synthetic_form_00753,g06-047j,dropout,6.744381904602051,0.8309978246688843
synthetic_form_00754,j01-059,thinning,6.773587226867676,0.8371627926826477
synthetic_form_00755,f02-020,thinning,6.331087589263916,0.8461573719978333
synthetic_form_00756,c03-016d,thickening,4.685570240020752,0.9223602414131165
synthetic_form_00757,a02-004,thinning,4.6368865966796875,0.9133459329605103
synthetic_form_00758,g04-032,thickening,7.016870498657227,0.8129462599754333
synthetic_form_00759,a01-128u,dropout,4.87700891494751,0.9077972173690796
synthetic_form_00760,c03-081a,blur,6.052870273590088,0.8592555522918701
synthetic_form_00761,f07-084b,thickening,6.235074996948242,0.852531909942627
synthetic_form_00762,a01-113u,thinning,4.827732086181641,0.9164440631866455
synthetic_form_00763,n01-000,blur,5.45620584487915,0.8847912549972534
synthetic_form_00764,n02-000,thickening,5.74485445022583,0.8668088912963867
synthetic_form_00765,b05-017,thickening,5.712371349334717,0.888477087020874
synthetic_form_00766,d06-086,blur,9.471964836120605,0.6881349682807922
synthetic_form_00767,g06-042g,dropout,6.180490016937256,0.851775050163269
synthetic_form_00768,d06-086,dropout,9.6379976272583,0.6801719069480896
synthetic_form_00769,l04-071,blur,4.606766700744629,0.9168371558189392
synthetic_form_00770,k07-063a,blur,4.190517425537109,0.9307310581207275
synthetic_form_00771,e07-072,blur,5.659523963928223,0.880666971206665
synthetic_form_00772,e04-019,blur,4.476681232452393,0.9330849051475525
synthetic_form_00773,n02-049,thinning,6.397220134735107,0.8819179534912109
synthetic_form_00774,j01-066,dropout,6.190124988555908,0.8609726428985596
synthetic_form_00775,n02-127,thickening,6.2348175048828125,0.860969066619873
synthetic_form_00776,h07-020,dropout,6.880579471588135,0.8219960331916809
synthetic_form_00777,g06-018c,thinning,5.174409866333008,0.8943256735801697
synthetic_form_00778,r02-054,dropout,5.034426689147949,0.9040422439575195
synthetic_form_00779,n04-044,thinning,5.576018810272217,0.8707646727561951
synthetic_form_00780,e06-046,blur,6.920640468597412,0.8451992869377136
synthetic_form_00781,r02-013,blur,9.059660911560059,0.7632960677146912
synthetic_form_00782,n02-037,thinning,6.642885684967041,0.8292003870010376
synthetic_form_00783,g06-042a,blur,6.705000877380371,0.8298299312591553
synthetic_form_00784,g07-026b,thickening,5.369461536407471,0.8882594704627991
synthetic_form_00785,c04-023,blur,5.646409034729004,0.881569504737854
synthetic_form_00786,g06-037c,thinning,5.983749866485596,0.8534901142120361
synthetic_form_00787,f07-076a,thinning,4.405688285827637,0.9279646873474121
synthetic_form_00788,p03-163,dropout,5.668279647827148,0.8874940872192383
synthetic_form_00789,f07-016,thickening,5.96488094329834,0.8638707995414734
synthetic_form_00790,g06-050n,thinning,8.110212326049805,0.7753747701644897
synthetic_form_00791,a06-039,dropout,7.173867702484131,0.8022981882095337
synthetic_form_00792,g06-026r,thickening,5.586334228515625,0.8864049911499023
synthetic_form_00793,j07-009,thickening,6.603964805603027,0.8420097231864929
synthetic_form_00794,j06-030,thinning,5.279595375061035,0.9108695387840271
synthetic_form_00795,p01-168,thickening,5.195373058319092,0.8970005512237549
synthetic_form_00796,h07-040,thickening,4.967154026031494,0.8938669562339783
synthetic_form_00797,e06-021,blur,6.0206522941589355,0.8678026795387268
synthetic_form_00798,g06-045k,blur,6.448704242706299,0.834074854850769
synthetic_form_00799,h05-012,thinning,4.7232985496521,0.9275084137916565
synthetic_form_00800,a01-063x,thinning,4.514622211456299,0.9317717552185059
synthetic_form_00801,l04-130,blur,4.852208137512207,0.9141623377799988
synthetic_form_00802,p03-087,dropout,4.400367736816406,0.9069268107414246
synthetic_form_00803,m04-238,thickening,6.682906150817871,0.8410761952400208
synthetic_form_00804,a03-011,thickening,5.548490047454834,0.8950674533843994
synthetic_form_00805,b03-114,thickening,5.630227565765381,0.884572446346283
synthetic_form_00806,d06-091,thinning,5.252827167510986,0.8819361925125122
synthetic_form_00807,e07-090,blur,5.144492149353027,0.9061704277992249
synthetic_form_00808,m03-020,dropout,6.063491344451904,0.8515989780426025
synthetic_form_00809,b01-073,thickening,4.880926609039307,0.8984726071357727
synthetic_form_00810,b03-092,thinning,6.6570539474487305,0.8462562561035156
synthetic_form_00811,e01-050,dropout,4.93438720703125,0.9130953550338745
synthetic_form_00812,e06-070,dropout,6.620501518249512,0.8485918641090393
synthetic_form_00813,c06-005,thickening,5.910174369812012,0.8781771659851074
synthetic_form_00814,n04-044,dropout,5.563445091247559,0.8722654581069946
synthetic_form_00815,b06-075(1),thickening,4.057436943054199,0.9366296529769897
synthetic_form_00816,r02-000,dropout,4.777221202850342,0.9101936221122742
synthetic_form_00817,e07-003,thickening,4.821564197540283,0.9051986932754517
synthetic_form_00818,a02-057,dropout,6.680628776550293,0.8383862972259521
synthetic_form_00819,r03-110,thickening,6.008607864379883,0.8562593460083008
synthetic_form_00820,n03-064,blur,5.231904983520508,0.9011030197143555
synthetic_form_00821,g06-047b,blur,5.491163730621338,0.876131534576416
synthetic_form_00822,f07-076a,dropout,4.375146389007568,0.9313374161720276
synthetic_form_00823,g06-109,dropout,5.262763023376465,0.8974339962005615
synthetic_form_00824,g06-042c,thickening,5.356435775756836,0.8931468725204468
synthetic_form_00825,b01-057,dropout,8.638859748840332,0.7170265913009644
synthetic_form_00826,c03-084c,thickening,6.737674713134766,0.7997479438781738
synthetic_form_00827,r02-065,dropout,5.101853370666504,0.9003981947898865
synthetic_form_00828,b03-025,thickening,5.107321262359619,0.9051209092140198
synthetic_form_00829,n02-040,thinning,5.143701076507568,0.8911191821098328
synthetic_form_00830,j04-015,thickening,5.672443866729736,0.880211591720581
synthetic_form_00831,n02-154,dropout,5.776416778564453,0.8879138231277466
synthetic_form_00832,b06-071,thickening,6.504450798034668,0.8430804014205933
synthetic_form_00833,c02-012,dropout,5.364238739013672,0.8904595971107483
synthetic_form_00834,c03-000f,blur,5.204504013061523,0.8987491726875305
synthetic_form_00835,d05-025,thinning,5.64753532409668,0.8779873251914978
synthetic_form_00836,g06-026p,dropout,4.582974910736084,0.9237765073776245
synthetic_form_00837,l01-111,dropout,6.016936779022217,0.8625187277793884
synthetic_form_00838,f03-182,thickening,4.735873222351074,0.9070342183113098
synthetic_form_00839,g06-037b(1),thickening,8.270519256591797,0.741702675819397
synthetic_form_00840,m01-026,thinning,5.04182767868042,0.9083774089813232
synthetic_form_00841,f07-046b,thinning,6.598649978637695,0.8409460783004761
synthetic_form_00842,f07-009,dropout,6.9918622970581055,0.8313741683959961
synthetic_form_00843,p03-181,thickening,7.390327453613281,0.807763397693634
synthetic_form_00844,n02-109,blur,6.069752216339111,0.862136721611023
synthetic_form_00845,m04-113,blur,6.100495338439941,0.8768795132637024
synthetic_form_00846,p02-131,dropout,4.7634782791137695,0.9133833646774292
synthetic_form_00847,b06-004,thickening,4.894495010375977,0.9198956489562988
synthetic_form_00848,m01-125,dropout,5.522817134857178,0.8803324699401855
synthetic_form_00849,c06-095,blur,4.734718322753906,0.9218409061431885
synthetic_form_00850,b01-118,thickening,7.179255485534668,0.8620234727859497
synthetic_form_00851,g07-000a,thinning,4.808788776397705,0.903554379940033
synthetic_form_00852,a01-011,dropout,6.456905364990234,0.8484920859336853
synthetic_form_00853,h07-066b,thinning,5.6401872634887695,0.8783241510391235
synthetic_form_00854,b01-057,blur,8.571013450622559,0.7186285853385925
synthetic_form_00855,h07-044a,thinning,4.018563270568848,0.9379743933677673
synthetic_form_00856,g06-026e,thinning,5.56301736831665,0.8626515865325928
synthetic_form_00857,g06-037b,blur,8.202688217163086,0.7473027110099792
synthetic_form_00858,p03-096,thinning,5.36137580871582,0.8818198442459106
synthetic_form_00859,m03-095,thinning,5.627527713775635,0.8696601390838623
synthetic_form_00860,h07-040b,thickening,4.881134510040283,0.9177635908126831
synthetic_form_00861,k07-077,dropout,6.048254489898682,0.8676192164421082
synthetic_form_00862,n04-075,thickening,6.556552886962891,0.8582189679145813
synthetic_form_00863,b01-094,thickening,5.004896640777588,0.9020477533340454
synthetic_form_00864,a03-071,blur,3.879514694213867,0.9418435096740723
synthetic_form_00865,n06-074,blur,4.767824172973633,0.9088665246963501
synthetic_form_00866,c04-139,blur,4.590645790100098,0.9171208739280701
synthetic_form_00867,g06-050o,thinning,4.576816558837891,0.9374925494194031
synthetic_form_00868,d04-117,thickening,4.846124649047852,0.9090338349342346
synthetic_form_00869,g06-018a,thickening,5.47244119644165,0.8885591626167297
synthetic_form_00870,r06-044,dropout,7.3839616775512695,0.7944284081459045
synthetic_form_00871,d01-123,thinning,6.054461479187012,0.8700882196426392
synthetic_form_00872,e06-049,thinning,7.28809928894043,0.8192934989929199
synthetic_form_00873,r03-050,thickening,7.495633125305176,0.8058325052261353
synthetic_form_00874,e04-038,thinning,4.946552276611328,0.9002329111099243
synthetic_form_00875,a01-014,thickening,5.868133544921875,0.8699575066566467
synthetic_form_00876,f04-046,blur,6.046130180358887,0.857719898223877
synthetic_form_00877,h06-000,thickening,4.17418098449707,0.9385032653808594
synthetic_form_00878,f04-007,thickening,5.848184108734131,0.8728430271148682
synthetic_form_00879,c02-035,dropout,7.070988178253174,0.8102088570594788
synthetic_form_00880,a06-095,blur,7.798497676849365,0.7480703592300415
synthetic_form_00881,f07-006,dropout,7.327061653137207,0.8388854265213013
synthetic_form_00882,k07-063a,blur,4.244950771331787,0.9287111163139343
synthetic_form_00883,g06-050a,thinning,5.420310020446777,0.8888149857521057
synthetic_form_00884,n04-213,thickening,5.694190979003906,0.8633822202682495
synthetic_form_00885,d07-085,thickening,4.44216775894165,0.9216433763504028
synthetic_form_00886,g04-088,dropout,6.405048370361328,0.8515794277191162
synthetic_form_00887,h04-055,blur,5.856767654418945,0.856147289276123
synthetic_form_00888,h07-084,thickening,5.626919269561768,0.8812220692634583
synthetic_form_00889,a04-059,dropout,7.727279186248779,0.8061748147010803
synthetic_form_00890,b01-057,thickening,8.64802360534668,0.7140942215919495
synthetic_form_00891,n06-123,blur,5.331715106964111,0.9003974795341492
synthetic_form_00892,a02-046,thinning,5.549727916717529,0.8790825009346008
synthetic_form_00893,k04-126,blur,6.320550918579102,0.8555590510368347
synthetic_form_00894,g06-031h,dropout,4.8699235916137695,0.9117050170898438
synthetic_form_00895,f03-182,thickening,4.753540992736816,0.9066579341888428
synthetic_form_00896,p06-069,thickening,6.32388973236084,0.8948175311088562
synthetic_form_00897,a05-013,blur,4.178732395172119,0.940398097038269
synthetic_form_00898,n06-119,blur,4.292150974273682,0.9344159960746765
synthetic_form_00899,g06-047b,dropout,5.423758029937744,0.880540132522583
synthetic_form_00900,c02-007,dropout,6.522668361663818,0.8163614273071289
synthetic_form_00901,k04-000,blur,6.068514823913574,0.8911329507827759
synthetic_form_00902,n04-139,thinning,6.096851825714111,0.8693913221359253
synthetic_form_00903,a02-082,dropout,6.236023902893066,0.8433855175971985
synthetic_form_00904,k02-036,thinning,6.311910629272461,0.8341335654258728
synthetic_form_00905,c06-047,thinning,7.112626552581787,0.844090461730957
synthetic_form_00906,c03-087b,thinning,5.770230770111084,0.879783570766449
synthetic_form_00907,c03-084c,thickening,6.74583625793457,0.7983410358428955
synthetic_form_00908,g07-014b,blur,7.218136787414551,0.8154453039169312
synthetic_form_00909,n04-044,thinning,5.543409824371338,0.8726832270622253
synthetic_form_00910,f07-002,thickening,7.163073539733887,0.8344742059707642
synthetic_form_00911,m02-095,dropout,4.631178379058838,0.9125232696533203
synthetic_form_00912,g06-050k,thinning,7.641436576843262,0.7948684096336365
synthetic_form_00913,f03-182,blur,4.698207378387451,0.9082790017127991
synthetic_form_00914,d06-030,blur,6.2884111404418945,0.8655006885528564
synthetic_form_00915,g02-073,dropout,7.142974853515625,0.8277643918991089
synthetic_form_00916,g07-022b,dropout,6.46832799911499,0.8406597971916199
synthetic_form_00917,k04-061,thickening,6.552497863769531,0.8315197229385376
synthetic_form_00918,b06-000,thickening,5.915747165679932,0.8787362575531006
synthetic_form_00919,a05-044,thickening,3.536029577255249,0.9479701519012451
synthetic_form_00920,l03-004,thinning,5.750178337097168,0.881517767906189
synthetic_form_00921,k04-061,dropout,6.735211372375488,0.822546124458313
synthetic_form_00922,n02-033,thinning,6.107953071594238,0.8487154245376587
synthetic_form_00923,b05-045,thickening,6.590639114379883,0.8515053987503052
synthetic_form_00924,g03-058,thinning,4.998236179351807,0.9140540957450867
synthetic_form_00925,g06-050b,thinning,5.385373592376709,0.8837997913360596
synthetic_form_00926,g02-062,thinning,5.912552833557129,0.8746182322502136
synthetic_form_00927,e01-062,thinning,4.7227396965026855,0.911168098449707
synthetic_form_00928,g06-018b,thickening,8.497380256652832,0.7454332709312439
synthetic_form_00929,f04-057,blur,5.953612804412842,0.874376118183136
synthetic_form_00930,r06-022,thinning,4.82338285446167,0.9078940153121948
synthetic_form_00931,n02-028,thickening,7.141254901885986,0.8468581438064575
synthetic_form_00932,d06-082,dropout,5.413278102874756,0.9015852212905884
synthetic_form_00933,g01-031,thickening,5.170708179473877,0.8929520845413208
synthetic_form_00934,b05-088,thickening,8.858193397521973,0.7669533491134644
synthetic_form_00935,m06-048,thinning,5.566302299499512,0.8790598511695862
synthetic_form_00936,g03-040,dropout,7.177117824554443,0.8299972414970398
synthetic_form_00937,f07-000b,dropout,6.219385623931885,0.8632321953773499
synthetic_form_00938,c06-039,thickening,5.4608354568481445,0.8855466842651367
synthetic_form_00939,a02-093,thinning,7.052680015563965,0.8153603076934814
synthetic_form_00940,m04-043,thinning,6.416080951690674,0.852334201335907
synthetic_form_00941,c03-003b,dropout,6.578103065490723,0.8404730558395386
synthetic_form_00942,l07-138,thickening,5.396928787231445,0.8935396075248718
synthetic_form_00943,g06-050h,thinning,3.946103572845459,0.9332833290100098
synthetic_form_00944,g06-031o,thinning,5.713245391845703,0.9017534852027893
synthetic_form_00945,c03-003e,thickening,5.846597194671631,0.8678112626075745
synthetic_form_00946,g05-087,thickening,7.717931747436523,0.7970823049545288
synthetic_form_00947,j04-061,thinning,5.075082302093506,0.9035241007804871
synthetic_form_00948,c03-081a,thickening,6.0137786865234375,0.8618032336235046
synthetic_form_00949,h07-040,thinning,4.986330986022949,0.8934118747711182
synthetic_form_00950,n04-156,dropout,7.058049201965332,0.8248482346534729
synthetic_form_00951,g04-048,dropout,4.614343643188477,0.9116421937942505
synthetic_form_00952,d04-028,blur,5.15256929397583,0.9006181955337524
synthetic_form_00953,l04-124,thickening,5.402982234954834,0.889674186706543
synthetic_form_00954,b05-045,thickening,6.6371331214904785,0.8493705987930298
synthetic_form_00955,l07-131,thinning,5.770764350891113,0.8680139780044556
synthetic_form_00956,p03-057,thickening,5.36842155456543,0.8781445026397705
synthetic_form_00957,a01-020,blur,6.279662132263184,0.8458412885665894
synthetic_form_00958,g06-031k,dropout,5.616856098175049,0.881840169429779
synthetic_form_00959,n02-000,dropout,5.75692892074585,0.8662427663803101
synthetic_form_00960,k07-141,dropout,4.580942153930664,0.92662513256073
synthetic_form_00961,c04-139,dropout,4.695901870727539,0.9134538769721985
synthetic_form_00962,c03-081d,dropout,5.206552505493164,0.900153636932373
synthetic_form_00963,d06-100,dropout,8.435832977294922,0.7868739366531372
synthetic_form_00964,r03-053,thinning,6.1568522453308105,0.8762192726135254
synthetic_form_00965,p02-105,dropout,6.747908115386963,0.8334174752235413
synthetic_form_00966,f07-039a,thickening,5.387321472167969,0.8890487551689148
synthetic_form_00967,g06-018d,thinning,6.660109996795654,0.8477374911308289
synthetic_form_00968,l07-176,blur,4.696805953979492,0.9154630899429321
synthetic_form_00969,d01-056,thickening,5.709076404571533,0.8795610666275024
synthetic_form_00970,g06-011l,blur,5.809199810028076,0.867143988609314
synthetic_form_00971,p03-096,dropout,5.2076568603515625,0.8891564607620239
synthetic_form_00972,g06-047e,blur,5.088357925415039,0.8980203866958618
synthetic_form_00973,c04-023,thinning,5.731277942657471,0.8768233060836792
synthetic_form_00974,n04-075,thickening,6.62446403503418,0.8557010889053345
synthetic_form_00975,a06-020,blur,5.56785774230957,0.8979285359382629
synthetic_form_00976,n04-015,thinning,6.0294013023376465,0.8640804886817932
synthetic_form_00977,r03-084,blur,7.12478494644165,0.8637476563453674
synthetic_form_00978,r02-054,blur,5.091155529022217,0.9003385305404663
synthetic_form_00979,f07-101a,thinning,4.632046699523926,0.9041931629180908
synthetic_form_00980,g06-031a,dropout,5.31962251663208,0.8778157234191895
synthetic_form_00981,h07-060a,blur,4.851736068725586,0.9120725393295288
synthetic_form_00982,f07-042b,blur,5.791139602661133,0.8868739604949951
synthetic_form_00983,k02-053,blur,5.732804298400879,0.877653956413269
synthetic_form_00984,p01-174,dropout,5.204441547393799,0.9149398803710938
synthetic_form_00985,d06-008,dropout,6.954303741455078,0.8384753465652466
synthetic_form_00986,l04-098,blur,5.1886982917785645,0.8886023163795471
synthetic_form_00987,a04-081,thinning,5.11818265914917,0.8884351253509521
synthetic_form_00988,g06-037b(1),thickening,8.191659927368164,0.7479485273361206
synthetic_form_00989,e01-055,dropout,5.201559066772461,0.8950048089027405
synthetic_form_00990,n04-068,thinning,5.633800029754639,0.8854396939277649
synthetic_form_00991,f02-040,blur,6.727442741394043,0.8026822805404663
synthetic_form_00992,c03-084f,thinning,6.099837779998779,0.8682249188423157
synthetic_form_00993,e01-086,thinning,6.745380401611328,0.8541566133499146
synthetic_form_00994,c02-003,dropout,4.91690731048584,0.8932948112487793
synthetic_form_00995,m02-052,thickening,7.414978504180908,0.8119630813598633
synthetic_form_00996,g04-055,blur,5.3619065284729,0.8806232213973999
synthetic_form_00997,h06-003,blur,5.024235725402832,0.8948529958724976
synthetic_form_00998,g06-026e,thinning,5.521695613861084,0.8643847703933716
synthetic_form_00999,j04-098,thickening,6.092828273773193,0.8501144051551819
synthetic_form_01000,f07-101a,dropout,4.785308361053467,0.8973679542541504
